{
	"class_name" : "PinholeCameraParameters",
	"extrinsic" : 
	[
		0.01165970480234965,
		0.92482545583405662,
		-0.38021300283558374,
		0.0,
		0.99896716732317226,
		0.0059263361438604053,
		0.045049718647592038,
		0.0,
		0.043916396644525527,
		-0.38034557284296017,
		-0.92380116655291211,
		0.0,
		-0.06779315965313204,
		-3.0641004034123873,
		9.0964217827431977,
		1.0
	],
	"intrinsic" : 
	{
		"height" : 1025,
		"intrinsic_matrix" : 
		[
			887.67603887904966,
			0.0,
			0.0,
			0.0,
			887.67603887904966,
			0.0,
			926.0,
			512.0,
			1.0
		],
		"width" : 1853
	},
	"version_major" : 1,
	"version_minor" : 0
}