{
	"class_name" : "PinholeCameraParameters",
	"extrinsic" : 
	[
		0.070737201667702948,
		-0.56322803643526109,
		0.82326813813817856,
		0.0,
		0.99436786820369216,
		0.10511730131130484,
		-0.013523891787246374,
		0.0,
		-0.078922689920374114,
		0.81958802574116996,
		0.56749156564430447,
		0.0,
		1.97452448658524,
		6.1765591516854981,
		11.446940957151813,
		1.0
	],
	"intrinsic" : 
	{
		"height" : 540,
		"intrinsic_matrix" : 
		[
			467.65371804359688,
			0.0,
			0.0,
			0.0,
			467.65371804359688,
			0.0,
			479.5,
			269.5,
			1.0
		],
		"width" : 960
	},
	"version_major" : 1,
	"version_minor" : 0
}