{
	"class_name" : "PinholeCameraParameters",
	"extrinsic" : 
	[
		0.07073720166770292,
		-0.29477992458488034,
		0.95294335842271083,
		0.0,
		0.99436786820369227,
		0.096425810285267713,
		-0.043984153906541666,
		0.0,
		-0.078922689920374073,
		0.9506875717987282,
		0.2999405771868332,
		0.0,
		14.445148129535314,
		-1.7967489958849163,
		12.912172081710461,
		1.0
	],
	"intrinsic" : 
	{
		"height" : 540,
		"intrinsic_matrix" : 
		[
			467.65371804359688,
			0.0,
			0.0,
			0.0,
			467.65371804359688,
			0.0,
			479.5,
			269.5,
			1.0
		],
		"width" : 960
	},
	"version_major" : 1,
	"version_minor" : 0
}