{
	"class_name" : "PinholeCameraParameters",
	"extrinsic" : 
	[
		0.99746815157546265,
		0.069338139829715706,
		0.015795852543779909,
		0.0,
		0.064228664844754868,
		-0.97373125376555736,
		0.21845394034536422,
		0.0,
		0.030528105163769914,
		-0.21688630156169517,
		-0.97571940996886986,
		0.0,
		-0.60791562134904964,
		0.90083040105319312,
		2.0356355985411736,
		1.0
	],
	"intrinsic" : 
	{ "width" : 640, "height" : 480, "intrinsic_matrix" : [ 625.637, 0, 0, 0, 625.637, 0, 319.944, 241.388, 1 ] }
}